subject,Body,Assignee,Reccurrence,To,Lastoccured
Test1,Test Body,ARawat@labtest.com,15,RemedyHDesk@labtest.com,1/19/2015 14:35
Test2,Test Body,SBhardwaj@labtest.com,7,RemedyHDesk@labtest.com,1/19/2015 14:35
Test3,Test Body,AGupta3@labtest.com,15,RemedyHDesk@labtest.com,1/19/2015 14:35
Test4,Test Body,TMahmood@labtest.com,15,RemedyHDesk@labtest.com,1/19/2015 14:35
Test5,Test Body,MMannan@labtest.com,7,RemedyHDesk@labtest.com,1/19/2015 14:35
Test6,Test Body,ARodrick@labtest.com,7,RemedyHDesk@labtest.com,1/19/2015 14:35
Test7,Test Body,AMittal@labtest.com,15,RemedyHDesk@labtest.com,1/19/2015 14:35
Test8,Test Body,DSharma@labtest.com,7,RemedyHDesk@labtest.com,1/19/2015 14:35
